"ticker","name","basket","date","close","generated_at_utc"
"GLD","Gold","defensive","2025-11-18","374.3500","2026-04-15T17:03:21Z"
"GLD","Gold","defensive","2025-11-19","374.9600","2026-04-15T17:03:21Z"
"GLD","Gold","defensive","2025-11-20","374.8500","2026-04-15T17:03:21Z"
"GLD","Gold","defensive","2025-11-21","374.2700","2026-04-15T17:03:21Z"
"GLD","Gold","defensive","2025-11-24","380.2000","2026-04-15T17:03:21Z"
"GLD","Gold","defensive","2025-11-25","380.0800","2026-04-15T17:03:21Z"
"GLD","Gold","defensive","2025-11-26","383.1200","2026-04-15T17:03:21Z"
"GLD","Gold","defensive","2025-11-28","387.8800","2026-04-15T17:03:21Z"
"GLD","Gold","defensive","2025-12-01","389.7500","2026-04-15T17:03:21Z"
"GLD","Gold","defensive","2025-12-02","387.2400","2026-04-15T17:03:21Z"
"GLD","Gold","defensive","2025-12-03","386.8800","2026-04-15T17:03:21Z"
"GLD","Gold","defensive","2025-12-04","387.1300","2026-04-15T17:03:21Z"
"GLD","Gold","defensive","2025-12-05","386.4400","2026-04-15T17:03:21Z"
"GLD","Gold","defensive","2025-12-08","385.4200","2026-04-15T17:03:21Z"
"GLD","Gold","defensive","2025-12-09","387.4000","2026-04-15T17:03:21Z"
"GLD","Gold","defensive","2025-12-10","389.0500","2026-04-15T17:03:21Z"
"GLD","Gold","defensive","2025-12-11","393.2400","2026-04-15T17:03:21Z"
"GLD","Gold","defensive","2025-12-12","395.4400","2026-04-15T17:03:21Z"
"GLD","Gold","defensive","2025-12-15","395.8000","2026-04-15T17:03:21Z"
"GLD","Gold","defensive","2025-12-16","395.8900","2026-04-15T17:03:21Z"
"GLD","Gold","defensive","2025-12-17","399.2900","2026-04-15T17:03:21Z"
"GLD","Gold","defensive","2025-12-18","398.5700","2026-04-15T17:03:21Z"
"GLD","Gold","defensive","2025-12-19","399.0200","2026-04-15T17:03:21Z"
"GLD","Gold","defensive","2025-12-22","408.2300","2026-04-15T17:03:21Z"
"GLD","Gold","defensive","2025-12-23","413.6400","2026-04-15T17:03:21Z"
"GLD","Gold","defensive","2025-12-24","411.9300","2026-04-15T17:03:21Z"
"GLD","Gold","defensive","2025-12-26","416.7400","2026-04-15T17:03:21Z"
"GLD","Gold","defensive","2025-12-29","398.6000","2026-04-15T17:03:21Z"
"GLD","Gold","defensive","2025-12-30","398.8900","2026-04-15T17:03:21Z"
"GLD","Gold","defensive","2025-12-31","396.3100","2026-04-15T17:03:21Z"
"GLD","Gold","defensive","2026-01-02","398.2800","2026-04-15T17:03:21Z"
"GLD","Gold","defensive","2026-01-05","408.7600","2026-04-15T17:03:21Z"
"GLD","Gold","defensive","2026-01-06","413.1800","2026-04-15T17:03:21Z"
"GLD","Gold","defensive","2026-01-07","409.2300","2026-04-15T17:03:21Z"
"GLD","Gold","defensive","2026-01-08","411.4900","2026-04-15T17:03:21Z"
"GLD","Gold","defensive","2026-01-09","414.4700","2026-04-15T17:03:21Z"
"GLD","Gold","defensive","2026-01-12","422.2300","2026-04-15T17:03:21Z"
"GLD","Gold","defensive","2026-01-13","421.6300","2026-04-15T17:03:21Z"
"GLD","Gold","defensive","2026-01-14","425.9400","2026-04-15T17:03:21Z"
"GLD","Gold","defensive","2026-01-15","423.3300","2026-04-15T17:03:21Z"
"GLD","Gold","defensive","2026-01-16","421.2900","2026-04-15T17:03:21Z"
"GLD","Gold","defensive","2026-01-20","437.2300","2026-04-15T17:03:21Z"
"GLD","Gold","defensive","2026-01-21","443.6000","2026-04-15T17:03:21Z"
"GLD","Gold","defensive","2026-01-22","451.7900","2026-04-15T17:03:21Z"
"GLD","Gold","defensive","2026-01-23","458.0000","2026-04-15T17:03:21Z"
"GLD","Gold","defensive","2026-01-26","464.7000","2026-04-15T17:03:21Z"
"GLD","Gold","defensive","2026-01-27","476.1000","2026-04-15T17:03:21Z"
"GLD","Gold","defensive","2026-01-28","494.5600","2026-04-15T17:03:21Z"
"GLD","Gold","defensive","2026-01-29","495.9000","2026-04-15T17:03:21Z"
"GLD","Gold","defensive","2026-01-30","444.9500","2026-04-15T17:03:21Z"
"GLD","Gold","defensive","2026-02-02","427.1300","2026-04-15T17:03:21Z"
"GLD","Gold","defensive","2026-02-03","454.2900","2026-04-15T17:03:21Z"
"GLD","Gold","defensive","2026-02-04","453.9700","2026-04-15T17:03:21Z"
"GLD","Gold","defensive","2026-02-05","441.8800","2026-04-15T17:03:21Z"
"GLD","Gold","defensive","2026-02-06","455.4600","2026-04-15T17:03:21Z"
"GLD","Gold","defensive","2026-02-09","467.0300","2026-04-15T17:03:21Z"
"GLD","Gold","defensive","2026-02-10","462.4000","2026-04-15T17:03:21Z"
"GLD","Gold","defensive","2026-02-11","467.6300","2026-04-15T17:03:21Z"
"GLD","Gold","defensive","2026-02-12","451.3900","2026-04-15T17:03:21Z"
"GLD","Gold","defensive","2026-02-13","462.6200","2026-04-15T17:03:21Z"
"GLD","Gold","defensive","2026-02-17","448.2000","2026-04-15T17:03:21Z"
"GLD","Gold","defensive","2026-02-18","458.2800","2026-04-15T17:03:21Z"
"GLD","Gold","defensive","2026-02-19","459.5600","2026-04-15T17:03:21Z"
"GLD","Gold","defensive","2026-02-20","468.6200","2026-04-15T17:03:21Z"
"GLD","Gold","defensive","2026-02-23","481.2800","2026-04-15T17:03:21Z"
"GLD","Gold","defensive","2026-02-24","474.6100","2026-04-15T17:03:21Z"
"GLD","Gold","defensive","2026-02-25","473.4200","2026-04-15T17:03:21Z"
"GLD","Gold","defensive","2026-02-26","477.4800","2026-04-15T17:03:21Z"
"GLD","Gold","defensive","2026-02-27","483.7500","2026-04-15T17:03:21Z"
"GLD","Gold","defensive","2026-03-02","490.0000","2026-04-15T17:03:21Z"
"GLD","Gold","defensive","2026-03-03","468.1400","2026-04-15T17:03:21Z"
"GLD","Gold","defensive","2026-03-04","471.8000","2026-04-15T17:03:21Z"
"GLD","Gold","defensive","2026-03-05","466.1300","2026-04-15T17:03:21Z"
"GLD","Gold","defensive","2026-03-06","473.5100","2026-04-15T17:03:21Z"
"GLD","Gold","defensive","2026-03-09","472.5300","2026-04-15T17:03:21Z"
"GLD","Gold","defensive","2026-03-10","477.8600","2026-04-15T17:03:21Z"
"GLD","Gold","defensive","2026-03-11","476.2400","2026-04-15T17:03:21Z"
"GLD","Gold","defensive","2026-03-12","466.8800","2026-04-15T17:03:21Z"
"GLD","Gold","defensive","2026-03-13","460.8400","2026-04-15T17:03:21Z"
"GLD","Gold","defensive","2026-03-16","460.4300","2026-04-15T17:03:21Z"
"GLD","Gold","defensive","2026-03-17","459.2700","2026-04-15T17:03:21Z"
"GLD","Gold","defensive","2026-03-18","444.7400","2026-04-15T17:03:21Z"
"GLD","Gold","defensive","2026-03-19","426.4100","2026-04-15T17:03:21Z"
"GLD","Gold","defensive","2026-03-20","413.3800","2026-04-15T17:03:21Z"
"GLD","Gold","defensive","2026-03-23","404.0400","2026-04-15T17:03:21Z"
"GLD","Gold","defensive","2026-03-24","404.1300","2026-04-15T17:03:21Z"
"GLD","Gold","defensive","2026-03-25","416.2900","2026-04-15T17:03:21Z"
"GLD","Gold","defensive","2026-03-26","400.6400","2026-04-15T17:03:21Z"
"GLD","Gold","defensive","2026-03-27","414.7000","2026-04-15T17:03:21Z"
"GLD","Gold","defensive","2026-03-30","414.5800","2026-04-15T17:03:21Z"
"GLD","Gold","defensive","2026-03-31","430.2900","2026-04-15T17:03:21Z"
"GLD","Gold","defensive","2026-04-01","437.8200","2026-04-15T17:03:21Z"
"GLD","Gold","defensive","2026-04-02","429.4100","2026-04-15T17:03:21Z"
"GLD","Gold","defensive","2026-04-06","427.6500","2026-04-15T17:03:21Z"
"GLD","Gold","defensive","2026-04-07","431.8100","2026-04-15T17:03:21Z"
"GLD","Gold","defensive","2026-04-08","434.5300","2026-04-15T17:03:21Z"
"GLD","Gold","defensive","2026-04-09","437.9100","2026-04-15T17:03:21Z"
"GLD","Gold","defensive","2026-04-10","437.1300","2026-04-15T17:03:21Z"
"GLD","Gold","defensive","2026-04-13","435.3600","2026-04-15T17:03:21Z"
"GLD","Gold","defensive","2026-04-14","445.0900","2026-04-15T17:03:21Z"
"XLB","Materials","cyclical","2025-11-18","85.5200","2026-04-15T17:03:21Z"
"XLB","Materials","cyclical","2025-11-19","85.7400","2026-04-15T17:03:21Z"
"XLB","Materials","cyclical","2025-11-20","84.4600","2026-04-15T17:03:21Z"
"XLB","Materials","cyclical","2025-11-21","86.3500","2026-04-15T17:03:21Z"
"XLB","Materials","cyclical","2025-11-24","86.5200","2026-04-15T17:03:21Z"
"XLB","Materials","cyclical","2025-11-25","87.8100","2026-04-15T17:03:21Z"
"XLB","Materials","cyclical","2025-11-26","88.8900","2026-04-15T17:03:21Z"
"XLB","Materials","cyclical","2025-11-28","89.4000","2026-04-15T17:03:21Z"
"XLB","Materials","cyclical","2025-12-01","89.1800","2026-04-15T17:03:21Z"
"XLB","Materials","cyclical","2025-12-02","88.3700","2026-04-15T17:03:21Z"
"XLB","Materials","cyclical","2025-12-03","88.9900","2026-04-15T17:03:21Z"
"XLB","Materials","cyclical","2025-12-04","88.4700","2026-04-15T17:03:21Z"
"XLB","Materials","cyclical","2025-12-05","44.0900","2026-04-15T17:03:21Z"
"XLB","Materials","cyclical","2025-12-08","43.4800","2026-04-15T17:03:21Z"
"XLB","Materials","cyclical","2025-12-09","43.3900","2026-04-15T17:03:21Z"
"XLB","Materials","cyclical","2025-12-10","44.2400","2026-04-15T17:03:21Z"
"XLB","Materials","cyclical","2025-12-11","45.1200","2026-04-15T17:03:21Z"
"XLB","Materials","cyclical","2025-12-12","45.1500","2026-04-15T17:03:21Z"
"XLB","Materials","cyclical","2025-12-15","45.1200","2026-04-15T17:03:21Z"
"XLB","Materials","cyclical","2025-12-16","45.0000","2026-04-15T17:03:21Z"
"XLB","Materials","cyclical","2025-12-17","45.1900","2026-04-15T17:03:21Z"
"XLB","Materials","cyclical","2025-12-18","45.1700","2026-04-15T17:03:21Z"
"XLB","Materials","cyclical","2025-12-19","45.3700","2026-04-15T17:03:21Z"
"XLB","Materials","cyclical","2025-12-22","45.6700","2026-04-15T17:03:21Z"
"XLB","Materials","cyclical","2025-12-23","45.7500","2026-04-15T17:03:21Z"
"XLB","Materials","cyclical","2025-12-24","45.8400","2026-04-15T17:03:21Z"
"XLB","Materials","cyclical","2025-12-26","46.1100","2026-04-15T17:03:21Z"
"XLB","Materials","cyclical","2025-12-29","45.7400","2026-04-15T17:03:21Z"
"XLB","Materials","cyclical","2025-12-30","45.7300","2026-04-15T17:03:21Z"
"XLB","Materials","cyclical","2025-12-31","45.3500","2026-04-15T17:03:21Z"
"XLB","Materials","cyclical","2026-01-02","46.1200","2026-04-15T17:03:21Z"
"XLB","Materials","cyclical","2026-01-05","46.5800","2026-04-15T17:03:21Z"
"XLB","Materials","cyclical","2026-01-06","47.5000","2026-04-15T17:03:21Z"
"XLB","Materials","cyclical","2026-01-07","46.6800","2026-04-15T17:03:21Z"
"XLB","Materials","cyclical","2026-01-08","47.5000","2026-04-15T17:03:21Z"
"XLB","Materials","cyclical","2026-01-09","48.2600","2026-04-15T17:03:21Z"
"XLB","Materials","cyclical","2026-01-12","48.5200","2026-04-15T17:03:21Z"
"XLB","Materials","cyclical","2026-01-13","48.7300","2026-04-15T17:03:21Z"
"XLB","Materials","cyclical","2026-01-14","48.7500","2026-04-15T17:03:21Z"
"XLB","Materials","cyclical","2026-01-15","48.9600","2026-04-15T17:03:21Z"
"XLB","Materials","cyclical","2026-01-16","48.6800","2026-04-15T17:03:21Z"
"XLB","Materials","cyclical","2026-01-20","48.1900","2026-04-15T17:03:21Z"
"XLB","Materials","cyclical","2026-01-21","49.2400","2026-04-15T17:03:21Z"
"XLB","Materials","cyclical","2026-01-22","49.5200","2026-04-15T17:03:21Z"
"XLB","Materials","cyclical","2026-01-23","49.9700","2026-04-15T17:03:21Z"
"XLB","Materials","cyclical","2026-01-26","50.0300","2026-04-15T17:03:21Z"
"XLB","Materials","cyclical","2026-01-27","49.9800","2026-04-15T17:03:21Z"
"XLB","Materials","cyclical","2026-01-28","49.9500","2026-04-15T17:03:21Z"
"XLB","Materials","cyclical","2026-01-29","50.0000","2026-04-15T17:03:21Z"
"XLB","Materials","cyclical","2026-01-30","49.2700","2026-04-15T17:03:21Z"
"XLB","Materials","cyclical","2026-02-02","49.6500","2026-04-15T17:03:21Z"
"XLB","Materials","cyclical","2026-02-03","50.7000","2026-04-15T17:03:21Z"
"XLB","Materials","cyclical","2026-02-04","51.8900","2026-04-15T17:03:21Z"
"XLB","Materials","cyclical","2026-02-05","50.5000","2026-04-15T17:03:21Z"
"XLB","Materials","cyclical","2026-02-06","51.5100","2026-04-15T17:03:21Z"
"XLB","Materials","cyclical","2026-02-09","52.1800","2026-04-15T17:03:21Z"
"XLB","Materials","cyclical","2026-02-10","52.9100","2026-04-15T17:03:21Z"
"XLB","Materials","cyclical","2026-02-11","53.6200","2026-04-15T17:03:21Z"
"XLB","Materials","cyclical","2026-02-12","52.8300","2026-04-15T17:03:21Z"
"XLB","Materials","cyclical","2026-02-13","53.3100","2026-04-15T17:03:21Z"
"XLB","Materials","cyclical","2026-02-17","52.7000","2026-04-15T17:03:21Z"
"XLB","Materials","cyclical","2026-02-18","53.0200","2026-04-15T17:03:21Z"
"XLB","Materials","cyclical","2026-02-19","52.8300","2026-04-15T17:03:21Z"
"XLB","Materials","cyclical","2026-02-20","52.9600","2026-04-15T17:03:21Z"
"XLB","Materials","cyclical","2026-02-23","52.9600","2026-04-15T17:03:21Z"
"XLB","Materials","cyclical","2026-02-24","53.3600","2026-04-15T17:03:21Z"
"XLB","Materials","cyclical","2026-02-25","53.0600","2026-04-15T17:03:21Z"
"XLB","Materials","cyclical","2026-02-26","53.0000","2026-04-15T17:03:21Z"
"XLB","Materials","cyclical","2026-02-27","53.4100","2026-04-15T17:03:21Z"
"XLB","Materials","cyclical","2026-03-02","53.2500","2026-04-15T17:03:21Z"
"XLB","Materials","cyclical","2026-03-03","51.9400","2026-04-15T17:03:21Z"
"XLB","Materials","cyclical","2026-03-04","51.9200","2026-04-15T17:03:21Z"
"XLB","Materials","cyclical","2026-03-05","50.8300","2026-04-15T17:03:21Z"
"XLB","Materials","cyclical","2026-03-06","49.8600","2026-04-15T17:03:21Z"
"XLB","Materials","cyclical","2026-03-09","49.9900","2026-04-15T17:03:21Z"
"XLB","Materials","cyclical","2026-03-10","49.8800","2026-04-15T17:03:21Z"
"XLB","Materials","cyclical","2026-03-11","49.8400","2026-04-15T17:03:21Z"
"XLB","Materials","cyclical","2026-03-12","49.6800","2026-04-15T17:03:21Z"
"XLB","Materials","cyclical","2026-03-13","49.1900","2026-04-15T17:03:21Z"
"XLB","Materials","cyclical","2026-03-16","49.4000","2026-04-15T17:03:21Z"
"XLB","Materials","cyclical","2026-03-17","49.5200","2026-04-15T17:03:21Z"
"XLB","Materials","cyclical","2026-03-18","48.4800","2026-04-15T17:03:21Z"
"XLB","Materials","cyclical","2026-03-19","47.7400","2026-04-15T17:03:21Z"
"XLB","Materials","cyclical","2026-03-20","46.9800","2026-04-15T17:03:21Z"
"XLB","Materials","cyclical","2026-03-23","47.5500","2026-04-15T17:03:21Z"
"XLB","Materials","cyclical","2026-03-24","48.4500","2026-04-15T17:03:21Z"
"XLB","Materials","cyclical","2026-03-25","49.4100","2026-04-15T17:03:21Z"
"XLB","Materials","cyclical","2026-03-26","49.0900","2026-04-15T17:03:21Z"
"XLB","Materials","cyclical","2026-03-27","48.9100","2026-04-15T17:03:21Z"
"XLB","Materials","cyclical","2026-03-30","49.0900","2026-04-15T17:03:21Z"
"XLB","Materials","cyclical","2026-03-31","49.9700","2026-04-15T17:03:21Z"
"XLB","Materials","cyclical","2026-04-01","50.4600","2026-04-15T17:03:21Z"
"XLB","Materials","cyclical","2026-04-02","50.4100","2026-04-15T17:03:21Z"
"XLB","Materials","cyclical","2026-04-06","50.2200","2026-04-15T17:03:21Z"
"XLB","Materials","cyclical","2026-04-07","50.0800","2026-04-15T17:03:21Z"
"XLB","Materials","cyclical","2026-04-08","51.7500","2026-04-15T17:03:21Z"
"XLB","Materials","cyclical","2026-04-09","51.6700","2026-04-15T17:03:21Z"
"XLB","Materials","cyclical","2026-04-10","51.9600","2026-04-15T17:03:21Z"
"XLB","Materials","cyclical","2026-04-13","52.1900","2026-04-15T17:03:21Z"
"XLB","Materials","cyclical","2026-04-14","52.0100","2026-04-15T17:03:21Z"
"XLE","Energy","cyclical","2025-11-18","91.0600","2026-04-15T17:03:21Z"
"XLE","Energy","cyclical","2025-11-19","89.8800","2026-04-15T17:03:21Z"
"XLE","Energy","cyclical","2025-11-20","88.8600","2026-04-15T17:03:21Z"
"XLE","Energy","cyclical","2025-11-21","89.4200","2026-04-15T17:03:21Z"
"XLE","Energy","cyclical","2025-11-24","89.1700","2026-04-15T17:03:21Z"
"XLE","Energy","cyclical","2025-11-25","88.6100","2026-04-15T17:03:21Z"
"XLE","Energy","cyclical","2025-11-26","89.2800","2026-04-15T17:03:21Z"
"XLE","Energy","cyclical","2025-11-28","90.4500","2026-04-15T17:03:21Z"
"XLE","Energy","cyclical","2025-12-01","91.3200","2026-04-15T17:03:21Z"
"XLE","Energy","cyclical","2025-12-02","90.1400","2026-04-15T17:03:21Z"
"XLE","Energy","cyclical","2025-12-03","91.8300","2026-04-15T17:03:21Z"
"XLE","Energy","cyclical","2025-12-04","92.2200","2026-04-15T17:03:21Z"
"XLE","Energy","cyclical","2025-12-05","45.9200","2026-04-15T17:03:21Z"
"XLE","Energy","cyclical","2025-12-08","45.4200","2026-04-15T17:03:21Z"
"XLE","Energy","cyclical","2025-12-09","45.7000","2026-04-15T17:03:21Z"
"XLE","Energy","cyclical","2025-12-10","46.1800","2026-04-15T17:03:21Z"
"XLE","Energy","cyclical","2025-12-11","45.9600","2026-04-15T17:03:21Z"
"XLE","Energy","cyclical","2025-12-12","45.5100","2026-04-15T17:03:21Z"
"XLE","Energy","cyclical","2025-12-15","45.1900","2026-04-15T17:03:21Z"
"XLE","Energy","cyclical","2025-12-16","43.8100","2026-04-15T17:03:21Z"
"XLE","Energy","cyclical","2025-12-17","44.7800","2026-04-15T17:03:21Z"
"XLE","Energy","cyclical","2025-12-18","44.1300","2026-04-15T17:03:21Z"
"XLE","Energy","cyclical","2025-12-19","44.1300","2026-04-15T17:03:21Z"
"XLE","Energy","cyclical","2025-12-22","44.2100","2026-04-15T17:03:21Z"
"XLE","Energy","cyclical","2025-12-23","44.5000","2026-04-15T17:03:21Z"
"XLE","Energy","cyclical","2025-12-24","44.3700","2026-04-15T17:03:21Z"
"XLE","Energy","cyclical","2025-12-26","44.2000","2026-04-15T17:03:21Z"
"XLE","Energy","cyclical","2025-12-29","44.6200","2026-04-15T17:03:21Z"
"XLE","Energy","cyclical","2025-12-30","44.9600","2026-04-15T17:03:21Z"
"XLE","Energy","cyclical","2025-12-31","44.7100","2026-04-15T17:03:21Z"
"XLE","Energy","cyclical","2026-01-02","45.6500","2026-04-15T17:03:21Z"
"XLE","Energy","cyclical","2026-01-05","46.8900","2026-04-15T17:03:21Z"
"XLE","Energy","cyclical","2026-01-06","45.6400","2026-04-15T17:03:21Z"
"XLE","Energy","cyclical","2026-01-07","45.1300","2026-04-15T17:03:21Z"
"XLE","Energy","cyclical","2026-01-08","46.5500","2026-04-15T17:03:21Z"
"XLE","Energy","cyclical","2026-01-09","46.6700","2026-04-15T17:03:21Z"
"XLE","Energy","cyclical","2026-01-12","46.3400","2026-04-15T17:03:21Z"
"XLE","Energy","cyclical","2026-01-13","47.0000","2026-04-15T17:03:21Z"
"XLE","Energy","cyclical","2026-01-14","48.0600","2026-04-15T17:03:21Z"
"XLE","Energy","cyclical","2026-01-15","47.6100","2026-04-15T17:03:21Z"
"XLE","Energy","cyclical","2026-01-16","47.6900","2026-04-15T17:03:21Z"
"XLE","Energy","cyclical","2026-01-20","47.6000","2026-04-15T17:03:21Z"
"XLE","Energy","cyclical","2026-01-21","48.7500","2026-04-15T17:03:21Z"
"XLE","Energy","cyclical","2026-01-22","48.9100","2026-04-15T17:03:21Z"
"XLE","Energy","cyclical","2026-01-23","49.1900","2026-04-15T17:03:21Z"
"XLE","Energy","cyclical","2026-01-26","49.2200","2026-04-15T17:03:21Z"
"XLE","Energy","cyclical","2026-01-27","49.6700","2026-04-15T17:03:21Z"
"XLE","Energy","cyclical","2026-01-28","50.0500","2026-04-15T17:03:21Z"
"XLE","Energy","cyclical","2026-01-29","50.5100","2026-04-15T17:03:21Z"
"XLE","Energy","cyclical","2026-01-30","51.0500","2026-04-15T17:03:21Z"
"XLE","Energy","cyclical","2026-02-02","50.0500","2026-04-15T17:03:21Z"
"XLE","Energy","cyclical","2026-02-03","51.6700","2026-04-15T17:03:21Z"
"XLE","Energy","cyclical","2026-02-04","52.8300","2026-04-15T17:03:21Z"
"XLE","Energy","cyclical","2026-02-05","52.2100","2026-04-15T17:03:21Z"
"XLE","Energy","cyclical","2026-02-06","53.2500","2026-04-15T17:03:21Z"
"XLE","Energy","cyclical","2026-02-09","53.6400","2026-04-15T17:03:21Z"
"XLE","Energy","cyclical","2026-02-10","53.5800","2026-04-15T17:03:21Z"
"XLE","Energy","cyclical","2026-02-11","54.9800","2026-04-15T17:03:21Z"
"XLE","Energy","cyclical","2026-02-12","53.9800","2026-04-15T17:03:21Z"
"XLE","Energy","cyclical","2026-02-13","54.3500","2026-04-15T17:03:21Z"
"XLE","Energy","cyclical","2026-02-17","53.7500","2026-04-15T17:03:21Z"
"XLE","Energy","cyclical","2026-02-18","54.7800","2026-04-15T17:03:21Z"
"XLE","Energy","cyclical","2026-02-19","55.1800","2026-04-15T17:03:21Z"
"XLE","Energy","cyclical","2026-02-20","54.8800","2026-04-15T17:03:21Z"
"XLE","Energy","cyclical","2026-02-23","55.1500","2026-04-15T17:03:21Z"
"XLE","Energy","cyclical","2026-02-24","55.1000","2026-04-15T17:03:21Z"
"XLE","Energy","cyclical","2026-02-25","54.8700","2026-04-15T17:03:21Z"
"XLE","Energy","cyclical","2026-02-26","55.0500","2026-04-15T17:03:21Z"
"XLE","Energy","cyclical","2026-02-27","55.9200","2026-04-15T17:03:21Z"
"XLE","Energy","cyclical","2026-03-02","57.0400","2026-04-15T17:03:21Z"
"XLE","Energy","cyclical","2026-03-03","56.5200","2026-04-15T17:03:21Z"
"XLE","Energy","cyclical","2026-03-04","56.1900","2026-04-15T17:03:21Z"
"XLE","Energy","cyclical","2026-03-05","56.4800","2026-04-15T17:03:21Z"
"XLE","Energy","cyclical","2026-03-06","56.5700","2026-04-15T17:03:21Z"
"XLE","Energy","cyclical","2026-03-09","56.3200","2026-04-15T17:03:21Z"
"XLE","Energy","cyclical","2026-03-10","55.6000","2026-04-15T17:03:21Z"
"XLE","Energy","cyclical","2026-03-11","56.9800","2026-04-15T17:03:21Z"
"XLE","Energy","cyclical","2026-03-12","57.5100","2026-04-15T17:03:21Z"
"XLE","Energy","cyclical","2026-03-13","57.7000","2026-04-15T17:03:21Z"
"XLE","Energy","cyclical","2026-03-16","57.9000","2026-04-15T17:03:21Z"
"XLE","Energy","cyclical","2026-03-17","58.5100","2026-04-15T17:03:21Z"
"XLE","Energy","cyclical","2026-03-18","58.4300","2026-04-15T17:03:21Z"
"XLE","Energy","cyclical","2026-03-19","59.3600","2026-04-15T17:03:21Z"
"XLE","Energy","cyclical","2026-03-20","59.3100","2026-04-15T17:03:21Z"
"XLE","Energy","cyclical","2026-03-23","59.6300","2026-04-15T17:03:21Z"
"XLE","Energy","cyclical","2026-03-24","60.8400","2026-04-15T17:03:21Z"
"XLE","Energy","cyclical","2026-03-25","60.5700","2026-04-15T17:03:21Z"
"XLE","Energy","cyclical","2026-03-26","61.5200","2026-04-15T17:03:21Z"
"XLE","Energy","cyclical","2026-03-27","62.5600","2026-04-15T17:03:21Z"
"XLE","Energy","cyclical","2026-03-30","61.9600","2026-04-15T17:03:21Z"
"XLE","Energy","cyclical","2026-03-31","61.2600","2026-04-15T17:03:21Z"
"XLE","Energy","cyclical","2026-04-01","58.9700","2026-04-15T17:03:21Z"
"XLE","Energy","cyclical","2026-04-02","59.2500","2026-04-15T17:03:21Z"
"XLE","Energy","cyclical","2026-04-06","59.6800","2026-04-15T17:03:21Z"
"XLE","Energy","cyclical","2026-04-07","60.1600","2026-04-15T17:03:21Z"
"XLE","Energy","cyclical","2026-04-08","58.0500","2026-04-15T17:03:21Z"
"XLE","Energy","cyclical","2026-04-09","57.3300","2026-04-15T17:03:21Z"
"XLE","Energy","cyclical","2026-04-10","56.9400","2026-04-15T17:03:21Z"
"XLE","Energy","cyclical","2026-04-13","57.1100","2026-04-15T17:03:21Z"
"XLE","Energy","cyclical","2026-04-14","55.9500","2026-04-15T17:03:21Z"
"XLF","Financials","cyclical","2025-11-18","51.3700","2026-04-15T17:03:21Z"
"XLF","Financials","cyclical","2025-11-19","51.5600","2026-04-15T17:03:21Z"
"XLF","Financials","cyclical","2025-11-20","51.1100","2026-04-15T17:03:21Z"
"XLF","Financials","cyclical","2025-11-21","51.6700","2026-04-15T17:03:21Z"
"XLF","Financials","cyclical","2025-11-24","51.8900","2026-04-15T17:03:21Z"
"XLF","Financials","cyclical","2025-11-25","52.5400","2026-04-15T17:03:21Z"
"XLF","Financials","cyclical","2025-11-26","52.9500","2026-04-15T17:03:21Z"
"XLF","Financials","cyclical","2025-11-28","53.3300","2026-04-15T17:03:21Z"
"XLF","Financials","cyclical","2025-12-01","52.8900","2026-04-15T17:03:21Z"
"XLF","Financials","cyclical","2025-12-02","52.8400","2026-04-15T17:03:21Z"
"XLF","Financials","cyclical","2025-12-03","53.5500","2026-04-15T17:03:21Z"
"XLF","Financials","cyclical","2025-12-04","53.6600","2026-04-15T17:03:21Z"
"XLF","Financials","cyclical","2025-12-05","53.6800","2026-04-15T17:03:21Z"
"XLF","Financials","cyclical","2025-12-08","53.4800","2026-04-15T17:03:21Z"
"XLF","Financials","cyclical","2025-12-09","53.2800","2026-04-15T17:03:21Z"
"XLF","Financials","cyclical","2025-12-10","53.8900","2026-04-15T17:03:21Z"
"XLF","Financials","cyclical","2025-12-11","54.8700","2026-04-15T17:03:21Z"
"XLF","Financials","cyclical","2025-12-12","54.9500","2026-04-15T17:03:21Z"
"XLF","Financials","cyclical","2025-12-15","54.9900","2026-04-15T17:03:21Z"
"XLF","Financials","cyclical","2025-12-16","54.6400","2026-04-15T17:03:21Z"
"XLF","Financials","cyclical","2025-12-17","54.6300","2026-04-15T17:03:21Z"
"XLF","Financials","cyclical","2025-12-18","54.5400","2026-04-15T17:03:21Z"
"XLF","Financials","cyclical","2025-12-19","54.8400","2026-04-15T17:03:21Z"
"XLF","Financials","cyclical","2025-12-22","55.3200","2026-04-15T17:03:21Z"
"XLF","Financials","cyclical","2025-12-23","55.4300","2026-04-15T17:03:21Z"
"XLF","Financials","cyclical","2025-12-24","55.7300","2026-04-15T17:03:21Z"
"XLF","Financials","cyclical","2025-12-26","55.6200","2026-04-15T17:03:21Z"
"XLF","Financials","cyclical","2025-12-29","55.3200","2026-04-15T17:03:21Z"
"XLF","Financials","cyclical","2025-12-30","55.1800","2026-04-15T17:03:21Z"
"XLF","Financials","cyclical","2025-12-31","54.7700","2026-04-15T17:03:21Z"
"XLF","Financials","cyclical","2026-01-02","54.9300","2026-04-15T17:03:21Z"
"XLF","Financials","cyclical","2026-01-05","56.1300","2026-04-15T17:03:21Z"
"XLF","Financials","cyclical","2026-01-06","56.4000","2026-04-15T17:03:21Z"
"XLF","Financials","cyclical","2026-01-07","55.6100","2026-04-15T17:03:21Z"
"XLF","Financials","cyclical","2026-01-08","55.9000","2026-04-15T17:03:21Z"
"XLF","Financials","cyclical","2026-01-09","55.7300","2026-04-15T17:03:21Z"
"XLF","Financials","cyclical","2026-01-12","55.2900","2026-04-15T17:03:21Z"
"XLF","Financials","cyclical","2026-01-13","54.2300","2026-04-15T17:03:21Z"
"XLF","Financials","cyclical","2026-01-14","54.1500","2026-04-15T17:03:21Z"
"XLF","Financials","cyclical","2026-01-15","54.3700","2026-04-15T17:03:21Z"
"XLF","Financials","cyclical","2026-01-16","54.4400","2026-04-15T17:03:21Z"
"XLF","Financials","cyclical","2026-01-20","53.2000","2026-04-15T17:03:21Z"
"XLF","Financials","cyclical","2026-01-21","53.4600","2026-04-15T17:03:21Z"
"XLF","Financials","cyclical","2026-01-22","53.8100","2026-04-15T17:03:21Z"
"XLF","Financials","cyclical","2026-01-23","53.0700","2026-04-15T17:03:21Z"
"XLF","Financials","cyclical","2026-01-26","53.4100","2026-04-15T17:03:21Z"
"XLF","Financials","cyclical","2026-01-27","53.0000","2026-04-15T17:03:21Z"
"XLF","Financials","cyclical","2026-01-28","52.9900","2026-04-15T17:03:21Z"
"XLF","Financials","cyclical","2026-01-29","53.5500","2026-04-15T17:03:21Z"
"XLF","Financials","cyclical","2026-01-30","53.4400","2026-04-15T17:03:21Z"
"XLF","Financials","cyclical","2026-02-02","54.0300","2026-04-15T17:03:21Z"
"XLF","Financials","cyclical","2026-02-03","53.5300","2026-04-15T17:03:21Z"
"XLF","Financials","cyclical","2026-02-04","53.9600","2026-04-15T17:03:21Z"
"XLF","Financials","cyclical","2026-02-05","53.2900","2026-04-15T17:03:21Z"
"XLF","Financials","cyclical","2026-02-06","54.2600","2026-04-15T17:03:21Z"
"XLF","Financials","cyclical","2026-02-09","53.9400","2026-04-15T17:03:21Z"
"XLF","Financials","cyclical","2026-02-10","53.5500","2026-04-15T17:03:21Z"
"XLF","Financials","cyclical","2026-02-11","52.7400","2026-04-15T17:03:21Z"
"XLF","Financials","cyclical","2026-02-12","51.6900","2026-04-15T17:03:21Z"
"XLF","Financials","cyclical","2026-02-13","51.6500","2026-04-15T17:03:21Z"
"XLF","Financials","cyclical","2026-02-17","52.2000","2026-04-15T17:03:21Z"
"XLF","Financials","cyclical","2026-02-18","52.5900","2026-04-15T17:03:21Z"
"XLF","Financials","cyclical","2026-02-19","52.1500","2026-04-15T17:03:21Z"
"XLF","Financials","cyclical","2026-02-20","52.4900","2026-04-15T17:03:21Z"
"XLF","Financials","cyclical","2026-02-23","50.7300","2026-04-15T17:03:21Z"
"XLF","Financials","cyclical","2026-02-24","50.9800","2026-04-15T17:03:21Z"
"XLF","Financials","cyclical","2026-02-25","51.8700","2026-04-15T17:03:21Z"
"XLF","Financials","cyclical","2026-02-26","52.5000","2026-04-15T17:03:21Z"
"XLF","Financials","cyclical","2026-02-27","51.4300","2026-04-15T17:03:21Z"
"XLF","Financials","cyclical","2026-03-02","51.3000","2026-04-15T17:03:21Z"
"XLF","Financials","cyclical","2026-03-03","51.2100","2026-04-15T17:03:21Z"
"XLF","Financials","cyclical","2026-03-04","51.5000","2026-04-15T17:03:21Z"
"XLF","Financials","cyclical","2026-03-05","51.2300","2026-04-15T17:03:21Z"
"XLF","Financials","cyclical","2026-03-06","50.5700","2026-04-15T17:03:21Z"
"XLF","Financials","cyclical","2026-03-09","50.3300","2026-04-15T17:03:21Z"
"XLF","Financials","cyclical","2026-03-10","50.0600","2026-04-15T17:03:21Z"
"XLF","Financials","cyclical","2026-03-11","49.6400","2026-04-15T17:03:21Z"
"XLF","Financials","cyclical","2026-03-12","48.8300","2026-04-15T17:03:21Z"
"XLF","Financials","cyclical","2026-03-13","48.8900","2026-04-15T17:03:21Z"
"XLF","Financials","cyclical","2026-03-16","49.3000","2026-04-15T17:03:21Z"
"XLF","Financials","cyclical","2026-03-17","49.5600","2026-04-15T17:03:21Z"
"XLF","Financials","cyclical","2026-03-18","48.9700","2026-04-15T17:03:21Z"
"XLF","Financials","cyclical","2026-03-19","48.9900","2026-04-15T17:03:21Z"
"XLF","Financials","cyclical","2026-03-20","49.0800","2026-04-15T17:03:21Z"
"XLF","Financials","cyclical","2026-03-23","49.2700","2026-04-15T17:03:21Z"
"XLF","Financials","cyclical","2026-03-24","49.2800","2026-04-15T17:03:21Z"
"XLF","Financials","cyclical","2026-03-25","49.3400","2026-04-15T17:03:21Z"
"XLF","Financials","cyclical","2026-03-26","49.0500","2026-04-15T17:03:21Z"
"XLF","Financials","cyclical","2026-03-27","47.8100","2026-04-15T17:03:21Z"
"XLF","Financials","cyclical","2026-03-30","48.3600","2026-04-15T17:03:21Z"
"XLF","Financials","cyclical","2026-03-31","49.3700","2026-04-15T17:03:21Z"
"XLF","Financials","cyclical","2026-04-01","49.4400","2026-04-15T17:03:21Z"
"XLF","Financials","cyclical","2026-04-02","49.5300","2026-04-15T17:03:21Z"
"XLF","Financials","cyclical","2026-04-06","49.8800","2026-04-15T17:03:21Z"
"XLF","Financials","cyclical","2026-04-07","49.8800","2026-04-15T17:03:21Z"
"XLF","Financials","cyclical","2026-04-08","51.2000","2026-04-15T17:03:21Z"
"XLF","Financials","cyclical","2026-04-09","51.3300","2026-04-15T17:03:21Z"
"XLF","Financials","cyclical","2026-04-10","50.7700","2026-04-15T17:03:21Z"
"XLF","Financials","cyclical","2026-04-13","51.6600","2026-04-15T17:03:21Z"
"XLF","Financials","cyclical","2026-04-14","51.7800","2026-04-15T17:03:21Z"
"XLI","Industrials","cyclical","2025-11-18","149.8500","2026-04-15T17:03:21Z"
"XLI","Industrials","cyclical","2025-11-19","150.3500","2026-04-15T17:03:21Z"
"XLI","Industrials","cyclical","2025-11-20","147.8300","2026-04-15T17:03:21Z"
"XLI","Industrials","cyclical","2025-11-21","149.6300","2026-04-15T17:03:21Z"
"XLI","Industrials","cyclical","2025-11-24","150.0000","2026-04-15T17:03:21Z"
"XLI","Industrials","cyclical","2025-11-25","151.9200","2026-04-15T17:03:21Z"
"XLI","Industrials","cyclical","2025-11-26","152.8000","2026-04-15T17:03:21Z"
"XLI","Industrials","cyclical","2025-11-28","153.6900","2026-04-15T17:03:21Z"
"XLI","Industrials","cyclical","2025-12-01","151.4400","2026-04-15T17:03:21Z"
"XLI","Industrials","cyclical","2025-12-02","152.7600","2026-04-15T17:03:21Z"
"XLI","Industrials","cyclical","2025-12-03","154.2100","2026-04-15T17:03:21Z"
"XLI","Industrials","cyclical","2025-12-04","155.0100","2026-04-15T17:03:21Z"
"XLI","Industrials","cyclical","2025-12-05","154.5800","2026-04-15T17:03:21Z"
"XLI","Industrials","cyclical","2025-12-08","154.3900","2026-04-15T17:03:21Z"
"XLI","Industrials","cyclical","2025-12-09","153.2600","2026-04-15T17:03:21Z"
"XLI","Industrials","cyclical","2025-12-10","156.0600","2026-04-15T17:03:21Z"
"XLI","Industrials","cyclical","2025-12-11","157.7300","2026-04-15T17:03:21Z"
"XLI","Industrials","cyclical","2025-12-12","156.7400","2026-04-15T17:03:21Z"
"XLI","Industrials","cyclical","2025-12-15","156.9900","2026-04-15T17:03:21Z"
"XLI","Industrials","cyclical","2025-12-16","156.0600","2026-04-15T17:03:21Z"
"XLI","Industrials","cyclical","2025-12-17","153.5300","2026-04-15T17:03:21Z"
"XLI","Industrials","cyclical","2025-12-18","154.5300","2026-04-15T17:03:21Z"
"XLI","Industrials","cyclical","2025-12-19","155.8600","2026-04-15T17:03:21Z"
"XLI","Industrials","cyclical","2025-12-22","157.0500","2026-04-15T17:03:21Z"
"XLI","Industrials","cyclical","2025-12-23","156.9900","2026-04-15T17:03:21Z"
"XLI","Industrials","cyclical","2025-12-24","157.5000","2026-04-15T17:03:21Z"
"XLI","Industrials","cyclical","2025-12-26","157.2100","2026-04-15T17:03:21Z"
"XLI","Industrials","cyclical","2025-12-29","156.8700","2026-04-15T17:03:21Z"
"XLI","Industrials","cyclical","2025-12-30","156.4200","2026-04-15T17:03:21Z"
"XLI","Industrials","cyclical","2025-12-31","155.1200","2026-04-15T17:03:21Z"
"XLI","Industrials","cyclical","2026-01-02","157.9800","2026-04-15T17:03:21Z"
"XLI","Industrials","cyclical","2026-01-05","159.8500","2026-04-15T17:03:21Z"
"XLI","Industrials","cyclical","2026-01-06","162.0200","2026-04-15T17:03:21Z"
"XLI","Industrials","cyclical","2026-01-07","158.9700","2026-04-15T17:03:21Z"
"XLI","Industrials","cyclical","2026-01-08","160.1700","2026-04-15T17:03:21Z"
"XLI","Industrials","cyclical","2026-01-09","161.9300","2026-04-15T17:03:21Z"
"XLI","Industrials","cyclical","2026-01-12","163.1700","2026-04-15T17:03:21Z"
"XLI","Industrials","cyclical","2026-01-13","164.0100","2026-04-15T17:03:21Z"
"XLI","Industrials","cyclical","2026-01-14","164.2700","2026-04-15T17:03:21Z"
"XLI","Industrials","cyclical","2026-01-15","165.7800","2026-04-15T17:03:21Z"
"XLI","Industrials","cyclical","2026-01-16","166.9000","2026-04-15T17:03:21Z"
"XLI","Industrials","cyclical","2026-01-20","163.5300","2026-04-15T17:03:21Z"
"XLI","Industrials","cyclical","2026-01-21","166.3600","2026-04-15T17:03:21Z"
"XLI","Industrials","cyclical","2026-01-22","165.5000","2026-04-15T17:03:21Z"
"XLI","Industrials","cyclical","2026-01-23","164.2200","2026-04-15T17:03:21Z"
"XLI","Industrials","cyclical","2026-01-26","164.3800","2026-04-15T17:03:21Z"
"XLI","Industrials","cyclical","2026-01-27","165.0600","2026-04-15T17:03:21Z"
"XLI","Industrials","cyclical","2026-01-28","164.1400","2026-04-15T17:03:21Z"
"XLI","Industrials","cyclical","2026-01-29","165.8600","2026-04-15T17:03:21Z"
"XLI","Industrials","cyclical","2026-01-30","165.4400","2026-04-15T17:03:21Z"
"XLI","Industrials","cyclical","2026-02-02","167.5300","2026-04-15T17:03:21Z"
"XLI","Industrials","cyclical","2026-02-03","168.9400","2026-04-15T17:03:21Z"
"XLI","Industrials","cyclical","2026-02-04","169.3900","2026-04-15T17:03:21Z"
"XLI","Industrials","cyclical","2026-02-05","168.3700","2026-04-15T17:03:21Z"
"XLI","Industrials","cyclical","2026-02-06","173.1800","2026-04-15T17:03:21Z"
"XLI","Industrials","cyclical","2026-02-09","173.7000","2026-04-15T17:03:21Z"
"XLI","Industrials","cyclical","2026-02-10","173.9100","2026-04-15T17:03:21Z"
"XLI","Industrials","cyclical","2026-02-11","174.8400","2026-04-15T17:03:21Z"
"XLI","Industrials","cyclical","2026-02-12","172.7500","2026-04-15T17:03:21Z"
"XLI","Industrials","cyclical","2026-02-13","174.1700","2026-04-15T17:03:21Z"
"XLI","Industrials","cyclical","2026-02-17","175.0800","2026-04-15T17:03:21Z"
"XLI","Industrials","cyclical","2026-02-18","175.0400","2026-04-15T17:03:21Z"
"XLI","Industrials","cyclical","2026-02-19","176.3400","2026-04-15T17:03:21Z"
"XLI","Industrials","cyclical","2026-02-20","177.2300","2026-04-15T17:03:21Z"
"XLI","Industrials","cyclical","2026-02-23","174.8300","2026-04-15T17:03:21Z"
"XLI","Industrials","cyclical","2026-02-24","176.9800","2026-04-15T17:03:21Z"
"XLI","Industrials","cyclical","2026-02-25","175.6000","2026-04-15T17:03:21Z"
"XLI","Industrials","cyclical","2026-02-26","176.7000","2026-04-15T17:03:21Z"
"XLI","Industrials","cyclical","2026-02-27","177.1400","2026-04-15T17:03:21Z"
"XLI","Industrials","cyclical","2026-03-02","178.9000","2026-04-15T17:03:21Z"
"XLI","Industrials","cyclical","2026-03-03","175.4400","2026-04-15T17:03:21Z"
"XLI","Industrials","cyclical","2026-03-04","175.9700","2026-04-15T17:03:21Z"
"XLI","Industrials","cyclical","2026-03-05","172.0600","2026-04-15T17:03:21Z"
"XLI","Industrials","cyclical","2026-03-06","169.9400","2026-04-15T17:03:21Z"
"XLI","Industrials","cyclical","2026-03-09","170.9400","2026-04-15T17:03:21Z"
"XLI","Industrials","cyclical","2026-03-10","170.0200","2026-04-15T17:03:21Z"
"XLI","Industrials","cyclical","2026-03-11","169.4900","2026-04-15T17:03:21Z"
"XLI","Industrials","cyclical","2026-03-12","165.2400","2026-04-15T17:03:21Z"
"XLI","Industrials","cyclical","2026-03-13","164.6500","2026-04-15T17:03:21Z"
"XLI","Industrials","cyclical","2026-03-16","166.0600","2026-04-15T17:03:21Z"
"XLI","Industrials","cyclical","2026-03-17","166.5000","2026-04-15T17:03:21Z"
"XLI","Industrials","cyclical","2026-03-18","165.1800","2026-04-15T17:03:21Z"
"XLI","Industrials","cyclical","2026-03-19","164.0600","2026-04-15T17:03:21Z"
"XLI","Industrials","cyclical","2026-03-20","161.6700","2026-04-15T17:03:21Z"
"XLI","Industrials","cyclical","2026-03-23","163.0500","2026-04-15T17:03:21Z"
"XLI","Industrials","cyclical","2026-03-24","164.0000","2026-04-15T17:03:21Z"
"XLI","Industrials","cyclical","2026-03-25","165.1000","2026-04-15T17:03:21Z"
"XLI","Industrials","cyclical","2026-03-26","161.2700","2026-04-15T17:03:21Z"
"XLI","Industrials","cyclical","2026-03-27","159.2000","2026-04-15T17:03:21Z"
"XLI","Industrials","cyclical","2026-03-30","156.6100","2026-04-15T17:03:21Z"
"XLI","Industrials","cyclical","2026-03-31","161.7300","2026-04-15T17:03:21Z"
"XLI","Industrials","cyclical","2026-04-01","164.4300","2026-04-15T17:03:21Z"
"XLI","Industrials","cyclical","2026-04-02","163.7700","2026-04-15T17:03:21Z"
"XLI","Industrials","cyclical","2026-04-06","164.6100","2026-04-15T17:03:21Z"
"XLI","Industrials","cyclical","2026-04-07","164.2800","2026-04-15T17:03:21Z"
"XLI","Industrials","cyclical","2026-04-08","170.4400","2026-04-15T17:03:21Z"
"XLI","Industrials","cyclical","2026-04-09","172.1900","2026-04-15T17:03:21Z"
"XLI","Industrials","cyclical","2026-04-10","171.5200","2026-04-15T17:03:21Z"
"XLI","Industrials","cyclical","2026-04-13","172.7300","2026-04-15T17:03:21Z"
"XLI","Industrials","cyclical","2026-04-14","173.3500","2026-04-15T17:03:21Z"
"XLP","Consumer Staples","defensive","2025-11-18","77.1000","2026-04-15T17:03:21Z"
"XLP","Consumer Staples","defensive","2025-11-19","76.5100","2026-04-15T17:03:21Z"
"XLP","Consumer Staples","defensive","2025-11-20","77.0600","2026-04-15T17:03:21Z"
"XLP","Consumer Staples","defensive","2025-11-21","77.9000","2026-04-15T17:03:21Z"
"XLP","Consumer Staples","defensive","2025-11-24","77.0000","2026-04-15T17:03:21Z"
"XLP","Consumer Staples","defensive","2025-11-25","78.0600","2026-04-15T17:03:21Z"
"XLP","Consumer Staples","defensive","2025-11-26","78.9100","2026-04-15T17:03:21Z"
"XLP","Consumer Staples","defensive","2025-11-28","79.3700","2026-04-15T17:03:21Z"
"XLP","Consumer Staples","defensive","2025-12-01","79.2900","2026-04-15T17:03:21Z"
"XLP","Consumer Staples","defensive","2025-12-02","78.7700","2026-04-15T17:03:21Z"
"XLP","Consumer Staples","defensive","2025-12-03","78.8300","2026-04-15T17:03:21Z"
"XLP","Consumer Staples","defensive","2025-12-04","78.4500","2026-04-15T17:03:21Z"
"XLP","Consumer Staples","defensive","2025-12-05","78.4600","2026-04-15T17:03:21Z"
"XLP","Consumer Staples","defensive","2025-12-08","77.8100","2026-04-15T17:03:21Z"
"XLP","Consumer Staples","defensive","2025-12-09","77.9900","2026-04-15T17:03:21Z"
"XLP","Consumer Staples","defensive","2025-12-10","78.2200","2026-04-15T17:03:21Z"
"XLP","Consumer Staples","defensive","2025-12-11","78.8000","2026-04-15T17:03:21Z"
"XLP","Consumer Staples","defensive","2025-12-12","79.4200","2026-04-15T17:03:21Z"
"XLP","Consumer Staples","defensive","2025-12-15","79.6400","2026-04-15T17:03:21Z"
"XLP","Consumer Staples","defensive","2025-12-16","79.2800","2026-04-15T17:03:21Z"
"XLP","Consumer Staples","defensive","2025-12-17","79.6500","2026-04-15T17:03:21Z"
"XLP","Consumer Staples","defensive","2025-12-18","79.1900","2026-04-15T17:03:21Z"
"XLP","Consumer Staples","defensive","2025-12-19","78.7800","2026-04-15T17:03:21Z"
"XLP","Consumer Staples","defensive","2025-12-22","77.8800","2026-04-15T17:03:21Z"
"XLP","Consumer Staples","defensive","2025-12-23","77.5100","2026-04-15T17:03:21Z"
"XLP","Consumer Staples","defensive","2025-12-24","78.1200","2026-04-15T17:03:21Z"
"XLP","Consumer Staples","defensive","2025-12-26","78.2300","2026-04-15T17:03:21Z"
"XLP","Consumer Staples","defensive","2025-12-29","78.2800","2026-04-15T17:03:21Z"
"XLP","Consumer Staples","defensive","2025-12-30","78.1500","2026-04-15T17:03:21Z"
"XLP","Consumer Staples","defensive","2025-12-31","77.6800","2026-04-15T17:03:21Z"
"XLP","Consumer Staples","defensive","2026-01-02","77.6900","2026-04-15T17:03:21Z"
"XLP","Consumer Staples","defensive","2026-01-05","77.3500","2026-04-15T17:03:21Z"
"XLP","Consumer Staples","defensive","2026-01-06","77.4700","2026-04-15T17:03:21Z"
"XLP","Consumer Staples","defensive","2026-01-07","76.6200","2026-04-15T17:03:21Z"
"XLP","Consumer Staples","defensive","2026-01-08","78.4400","2026-04-15T17:03:21Z"
"XLP","Consumer Staples","defensive","2026-01-09","79.2500","2026-04-15T17:03:21Z"
"XLP","Consumer Staples","defensive","2026-01-12","80.1800","2026-04-15T17:03:21Z"
"XLP","Consumer Staples","defensive","2026-01-13","81.1100","2026-04-15T17:03:21Z"
"XLP","Consumer Staples","defensive","2026-01-14","82.2300","2026-04-15T17:03:21Z"
"XLP","Consumer Staples","defensive","2026-01-15","82.3700","2026-04-15T17:03:21Z"
"XLP","Consumer Staples","defensive","2026-01-16","82.1100","2026-04-15T17:03:21Z"
"XLP","Consumer Staples","defensive","2026-01-20","82.3600","2026-04-15T17:03:21Z"
"XLP","Consumer Staples","defensive","2026-01-21","82.4400","2026-04-15T17:03:21Z"
"XLP","Consumer Staples","defensive","2026-01-22","82.2700","2026-04-15T17:03:21Z"
"XLP","Consumer Staples","defensive","2026-01-23","82.9100","2026-04-15T17:03:21Z"
"XLP","Consumer Staples","defensive","2026-01-26","82.7800","2026-04-15T17:03:21Z"
"XLP","Consumer Staples","defensive","2026-01-27","83.1600","2026-04-15T17:03:21Z"
"XLP","Consumer Staples","defensive","2026-01-28","82.3200","2026-04-15T17:03:21Z"
"XLP","Consumer Staples","defensive","2026-01-29","82.1300","2026-04-15T17:03:21Z"
"XLP","Consumer Staples","defensive","2026-01-30","83.5100","2026-04-15T17:03:21Z"
"XLP","Consumer Staples","defensive","2026-02-02","84.5000","2026-04-15T17:03:21Z"
"XLP","Consumer Staples","defensive","2026-02-03","85.8700","2026-04-15T17:03:21Z"
"XLP","Consumer Staples","defensive","2026-02-04","86.9900","2026-04-15T17:03:21Z"
"XLP","Consumer Staples","defensive","2026-02-05","86.9200","2026-04-15T17:03:21Z"
"XLP","Consumer Staples","defensive","2026-02-06","87.9400","2026-04-15T17:03:21Z"
"XLP","Consumer Staples","defensive","2026-02-09","87.4300","2026-04-15T17:03:21Z"
"XLP","Consumer Staples","defensive","2026-02-10","87.1500","2026-04-15T17:03:21Z"
"XLP","Consumer Staples","defensive","2026-02-11","88.4000","2026-04-15T17:03:21Z"
"XLP","Consumer Staples","defensive","2026-02-12","89.2100","2026-04-15T17:03:21Z"
"XLP","Consumer Staples","defensive","2026-02-13","89.5100","2026-04-15T17:03:21Z"
"XLP","Consumer Staples","defensive","2026-02-17","88.2000","2026-04-15T17:03:21Z"
"XLP","Consumer Staples","defensive","2026-02-18","88.0400","2026-04-15T17:03:21Z"
"XLP","Consumer Staples","defensive","2026-02-19","87.6700","2026-04-15T17:03:21Z"
"XLP","Consumer Staples","defensive","2026-02-20","87.8900","2026-04-15T17:03:21Z"
"XLP","Consumer Staples","defensive","2026-02-23","88.9700","2026-04-15T17:03:21Z"
"XLP","Consumer Staples","defensive","2026-02-24","89.7400","2026-04-15T17:03:21Z"
"XLP","Consumer Staples","defensive","2026-02-25","89.0100","2026-04-15T17:03:21Z"
"XLP","Consumer Staples","defensive","2026-02-26","88.8600","2026-04-15T17:03:21Z"
"XLP","Consumer Staples","defensive","2026-02-27","90.0100","2026-04-15T17:03:21Z"
"XLP","Consumer Staples","defensive","2026-03-02","88.7100","2026-04-15T17:03:21Z"
"XLP","Consumer Staples","defensive","2026-03-03","87.7400","2026-04-15T17:03:21Z"
"XLP","Consumer Staples","defensive","2026-03-04","87.1600","2026-04-15T17:03:21Z"
"XLP","Consumer Staples","defensive","2026-03-05","85.4100","2026-04-15T17:03:21Z"
"XLP","Consumer Staples","defensive","2026-03-06","85.7800","2026-04-15T17:03:21Z"
"XLP","Consumer Staples","defensive","2026-03-09","85.9700","2026-04-15T17:03:21Z"
"XLP","Consumer Staples","defensive","2026-03-10","85.7200","2026-04-15T17:03:21Z"
"XLP","Consumer Staples","defensive","2026-03-11","84.5900","2026-04-15T17:03:21Z"
"XLP","Consumer Staples","defensive","2026-03-12","84.2500","2026-04-15T17:03:21Z"
"XLP","Consumer Staples","defensive","2026-03-13","84.7400","2026-04-15T17:03:21Z"
"XLP","Consumer Staples","defensive","2026-03-16","84.9800","2026-04-15T17:03:21Z"
"XLP","Consumer Staples","defensive","2026-03-17","84.7000","2026-04-15T17:03:21Z"
"XLP","Consumer Staples","defensive","2026-03-18","82.6400","2026-04-15T17:03:21Z"
"XLP","Consumer Staples","defensive","2026-03-19","81.9700","2026-04-15T17:03:21Z"
"XLP","Consumer Staples","defensive","2026-03-20","81.2900","2026-04-15T17:03:21Z"
"XLP","Consumer Staples","defensive","2026-03-23","81.1800","2026-04-15T17:03:21Z"
"XLP","Consumer Staples","defensive","2026-03-24","81.1100","2026-04-15T17:03:21Z"
"XLP","Consumer Staples","defensive","2026-03-25","81.5100","2026-04-15T17:03:21Z"
"XLP","Consumer Staples","defensive","2026-03-26","81.1400","2026-04-15T17:03:21Z"
"XLP","Consumer Staples","defensive","2026-03-27","81.7800","2026-04-15T17:03:21Z"
"XLP","Consumer Staples","defensive","2026-03-30","81.8800","2026-04-15T17:03:21Z"
"XLP","Consumer Staples","defensive","2026-03-31","81.9800","2026-04-15T17:03:21Z"
"XLP","Consumer Staples","defensive","2026-04-01","81.4600","2026-04-15T17:03:21Z"
"XLP","Consumer Staples","defensive","2026-04-02","81.8900","2026-04-15T17:03:21Z"
"XLP","Consumer Staples","defensive","2026-04-06","82.6600","2026-04-15T17:03:21Z"
"XLP","Consumer Staples","defensive","2026-04-07","81.2600","2026-04-15T17:03:21Z"
"XLP","Consumer Staples","defensive","2026-04-08","82.7800","2026-04-15T17:03:21Z"
"XLP","Consumer Staples","defensive","2026-04-09","83.4500","2026-04-15T17:03:21Z"
"XLP","Consumer Staples","defensive","2026-04-10","82.3700","2026-04-15T17:03:21Z"
"XLP","Consumer Staples","defensive","2026-04-13","81.5500","2026-04-15T17:03:21Z"
"XLP","Consumer Staples","defensive","2026-04-14","81.4700","2026-04-15T17:03:21Z"
"XLU","Utilities","defensive","2025-11-18","89.2200","2026-04-15T17:03:21Z"
"XLU","Utilities","defensive","2025-11-19","88.4700","2026-04-15T17:03:21Z"
"XLU","Utilities","defensive","2025-11-20","88.0200","2026-04-15T17:03:21Z"
"XLU","Utilities","defensive","2025-11-21","88.1500","2026-04-15T17:03:21Z"
"XLU","Utilities","defensive","2025-11-24","89.1500","2026-04-15T17:03:21Z"
"XLU","Utilities","defensive","2025-11-25","88.8100","2026-04-15T17:03:21Z"
"XLU","Utilities","defensive","2025-11-26","89.9900","2026-04-15T17:03:21Z"
"XLU","Utilities","defensive","2025-11-28","90.6300","2026-04-15T17:03:21Z"
"XLU","Utilities","defensive","2025-12-01","88.5100","2026-04-15T17:03:21Z"
"XLU","Utilities","defensive","2025-12-02","87.8800","2026-04-15T17:03:21Z"
"XLU","Utilities","defensive","2025-12-03","87.6000","2026-04-15T17:03:21Z"
"XLU","Utilities","defensive","2025-12-04","87.4200","2026-04-15T17:03:21Z"
"XLU","Utilities","defensive","2025-12-05","43.3000","2026-04-15T17:03:21Z"
"XLU","Utilities","defensive","2025-12-08","42.7200","2026-04-15T17:03:21Z"
"XLU","Utilities","defensive","2025-12-09","42.7500","2026-04-15T17:03:21Z"
"XLU","Utilities","defensive","2025-12-10","42.7300","2026-04-15T17:03:21Z"
"XLU","Utilities","defensive","2025-12-11","43.0400","2026-04-15T17:03:21Z"
"XLU","Utilities","defensive","2025-12-12","42.8300","2026-04-15T17:03:21Z"
"XLU","Utilities","defensive","2025-12-15","43.2200","2026-04-15T17:03:21Z"
"XLU","Utilities","defensive","2025-12-16","43.0400","2026-04-15T17:03:21Z"
"XLU","Utilities","defensive","2025-12-17","42.7600","2026-04-15T17:03:21Z"
"XLU","Utilities","defensive","2025-12-18","43.1800","2026-04-15T17:03:21Z"
"XLU","Utilities","defensive","2025-12-19","42.6300","2026-04-15T17:03:21Z"
"XLU","Utilities","defensive","2025-12-22","42.4700","2026-04-15T17:03:21Z"
"XLU","Utilities","defensive","2025-12-23","42.6200","2026-04-15T17:03:21Z"
"XLU","Utilities","defensive","2025-12-24","42.8100","2026-04-15T17:03:21Z"
"XLU","Utilities","defensive","2025-12-26","42.7800","2026-04-15T17:03:21Z"
"XLU","Utilities","defensive","2025-12-29","42.8600","2026-04-15T17:03:21Z"
"XLU","Utilities","defensive","2025-12-30","42.9600","2026-04-15T17:03:21Z"
"XLU","Utilities","defensive","2025-12-31","42.6900","2026-04-15T17:03:21Z"
"XLU","Utilities","defensive","2026-01-02","43.1800","2026-04-15T17:03:21Z"
"XLU","Utilities","defensive","2026-01-05","42.7000","2026-04-15T17:03:21Z"
"XLU","Utilities","defensive","2026-01-06","42.9100","2026-04-15T17:03:21Z"
"XLU","Utilities","defensive","2026-01-07","41.8700","2026-04-15T17:03:21Z"
"XLU","Utilities","defensive","2026-01-08","41.9900","2026-04-15T17:03:21Z"
"XLU","Utilities","defensive","2026-01-09","42.5100","2026-04-15T17:03:21Z"
"XLU","Utilities","defensive","2026-01-12","42.5800","2026-04-15T17:03:21Z"
"XLU","Utilities","defensive","2026-01-13","42.8500","2026-04-15T17:03:21Z"
"XLU","Utilities","defensive","2026-01-14","43.1700","2026-04-15T17:03:21Z"
"XLU","Utilities","defensive","2026-01-15","43.6100","2026-04-15T17:03:21Z"
"XLU","Utilities","defensive","2026-01-16","43.3900","2026-04-15T17:03:21Z"
"XLU","Utilities","defensive","2026-01-20","42.9600","2026-04-15T17:03:21Z"
"XLU","Utilities","defensive","2026-01-21","43.0200","2026-04-15T17:03:21Z"
"XLU","Utilities","defensive","2026-01-22","42.7100","2026-04-15T17:03:21Z"
"XLU","Utilities","defensive","2026-01-23","42.5600","2026-04-15T17:03:21Z"
"XLU","Utilities","defensive","2026-01-26","42.8700","2026-04-15T17:03:21Z"
"XLU","Utilities","defensive","2026-01-27","43.4300","2026-04-15T17:03:21Z"
"XLU","Utilities","defensive","2026-01-28","43.3300","2026-04-15T17:03:21Z"
"XLU","Utilities","defensive","2026-01-29","43.3300","2026-04-15T17:03:21Z"
"XLU","Utilities","defensive","2026-01-30","43.2500","2026-04-15T17:03:21Z"
"XLU","Utilities","defensive","2026-02-02","42.6200","2026-04-15T17:03:21Z"
"XLU","Utilities","defensive","2026-02-03","43.2400","2026-04-15T17:03:21Z"
"XLU","Utilities","defensive","2026-02-04","43.0800","2026-04-15T17:03:21Z"
"XLU","Utilities","defensive","2026-02-05","43.1000","2026-04-15T17:03:21Z"
"XLU","Utilities","defensive","2026-02-06","43.3500","2026-04-15T17:03:21Z"
"XLU","Utilities","defensive","2026-02-09","43.4800","2026-04-15T17:03:21Z"
"XLU","Utilities","defensive","2026-02-10","44.2000","2026-04-15T17:03:21Z"
"XLU","Utilities","defensive","2026-02-11","44.5900","2026-04-15T17:03:21Z"
"XLU","Utilities","defensive","2026-02-12","45.2500","2026-04-15T17:03:21Z"
"XLU","Utilities","defensive","2026-02-13","46.5000","2026-04-15T17:03:21Z"
"XLU","Utilities","defensive","2026-02-17","46.3800","2026-04-15T17:03:21Z"
"XLU","Utilities","defensive","2026-02-18","45.6100","2026-04-15T17:03:21Z"
"XLU","Utilities","defensive","2026-02-19","46.1100","2026-04-15T17:03:21Z"
"XLU","Utilities","defensive","2026-02-20","46.3300","2026-04-15T17:03:21Z"
"XLU","Utilities","defensive","2026-02-23","46.6800","2026-04-15T17:03:21Z"
"XLU","Utilities","defensive","2026-02-24","47.2000","2026-04-15T17:03:21Z"
"XLU","Utilities","defensive","2026-02-25","47.3600","2026-04-15T17:03:21Z"
"XLU","Utilities","defensive","2026-02-26","47.1800","2026-04-15T17:03:21Z"
"XLU","Utilities","defensive","2026-02-27","47.7300","2026-04-15T17:03:21Z"
"XLU","Utilities","defensive","2026-03-02","47.3700","2026-04-15T17:03:21Z"
"XLU","Utilities","defensive","2026-03-03","47.0700","2026-04-15T17:03:21Z"
"XLU","Utilities","defensive","2026-03-04","47.2700","2026-04-15T17:03:21Z"
"XLU","Utilities","defensive","2026-03-05","46.9000","2026-04-15T17:03:21Z"
"XLU","Utilities","defensive","2026-03-06","46.7400","2026-04-15T17:03:21Z"
"XLU","Utilities","defensive","2026-03-09","46.8500","2026-04-15T17:03:21Z"
"XLU","Utilities","defensive","2026-03-10","46.5600","2026-04-15T17:03:21Z"
"XLU","Utilities","defensive","2026-03-11","46.1700","2026-04-15T17:03:21Z"
"XLU","Utilities","defensive","2026-03-12","46.5000","2026-04-15T17:03:21Z"
"XLU","Utilities","defensive","2026-03-13","46.9600","2026-04-15T17:03:21Z"
"XLU","Utilities","defensive","2026-03-16","47.2600","2026-04-15T17:03:21Z"
"XLU","Utilities","defensive","2026-03-17","47.1300","2026-04-15T17:03:21Z"
"XLU","Utilities","defensive","2026-03-18","46.7300","2026-04-15T17:03:21Z"
"XLU","Utilities","defensive","2026-03-19","46.5400","2026-04-15T17:03:21Z"
"XLU","Utilities","defensive","2026-03-20","44.6500","2026-04-15T17:03:21Z"
"XLU","Utilities","defensive","2026-03-23","44.7800","2026-04-15T17:03:21Z"
"XLU","Utilities","defensive","2026-03-24","45.0900","2026-04-15T17:03:21Z"
"XLU","Utilities","defensive","2026-03-25","45.2500","2026-04-15T17:03:21Z"
"XLU","Utilities","defensive","2026-03-26","45.3300","2026-04-15T17:03:21Z"
"XLU","Utilities","defensive","2026-03-27","45.5900","2026-04-15T17:03:21Z"
"XLU","Utilities","defensive","2026-03-30","45.9200","2026-04-15T17:03:21Z"
"XLU","Utilities","defensive","2026-03-31","45.8900","2026-04-15T17:03:21Z"
"XLU","Utilities","defensive","2026-04-01","46.1100","2026-04-15T17:03:21Z"
"XLU","Utilities","defensive","2026-04-02","46.3400","2026-04-15T17:03:21Z"
"XLU","Utilities","defensive","2026-04-06","46.1700","2026-04-15T17:03:21Z"
"XLU","Utilities","defensive","2026-04-07","46.2700","2026-04-15T17:03:21Z"
"XLU","Utilities","defensive","2026-04-08","46.7800","2026-04-15T17:03:21Z"
"XLU","Utilities","defensive","2026-04-09","47.1500","2026-04-15T17:03:21Z"
"XLU","Utilities","defensive","2026-04-10","46.9600","2026-04-15T17:03:21Z"
"XLU","Utilities","defensive","2026-04-13","46.3900","2026-04-15T17:03:21Z"
"XLU","Utilities","defensive","2026-04-14","46.4700","2026-04-15T17:03:21Z"
"XLV","Healthcare","defensive","2025-11-18","152.5900","2026-04-15T17:03:21Z"
"XLV","Healthcare","defensive","2025-11-19","152.3300","2026-04-15T17:03:21Z"
"XLV","Healthcare","defensive","2025-11-20","151.4200","2026-04-15T17:03:21Z"
"XLV","Healthcare","defensive","2025-11-21","154.6100","2026-04-15T17:03:21Z"
"XLV","Healthcare","defensive","2025-11-24","155.2600","2026-04-15T17:03:21Z"
"XLV","Healthcare","defensive","2025-11-25","158.7700","2026-04-15T17:03:21Z"
"XLV","Healthcare","defensive","2025-11-26","158.4200","2026-04-15T17:03:21Z"
"XLV","Healthcare","defensive","2025-11-28","157.6500","2026-04-15T17:03:21Z"
"XLV","Healthcare","defensive","2025-12-01","155.2900","2026-04-15T17:03:21Z"
"XLV","Healthcare","defensive","2025-12-02","154.3600","2026-04-15T17:03:21Z"
"XLV","Healthcare","defensive","2025-12-03","155.0800","2026-04-15T17:03:21Z"
"XLV","Healthcare","defensive","2025-12-04","153.9000","2026-04-15T17:03:21Z"
"XLV","Healthcare","defensive","2025-12-05","153.2600","2026-04-15T17:03:21Z"
"XLV","Healthcare","defensive","2025-12-08","151.4300","2026-04-15T17:03:21Z"
"XLV","Healthcare","defensive","2025-12-09","149.9600","2026-04-15T17:03:21Z"
"XLV","Healthcare","defensive","2025-12-10","152.1400","2026-04-15T17:03:21Z"
"XLV","Healthcare","defensive","2025-12-11","153.5800","2026-04-15T17:03:21Z"
"XLV","Healthcare","defensive","2025-12-12","154.0600","2026-04-15T17:03:21Z"
"XLV","Healthcare","defensive","2025-12-15","156.1000","2026-04-15T17:03:21Z"
"XLV","Healthcare","defensive","2025-12-16","154.0700","2026-04-15T17:03:21Z"
"XLV","Healthcare","defensive","2025-12-17","153.7900","2026-04-15T17:03:21Z"
"XLV","Healthcare","defensive","2025-12-18","153.9100","2026-04-15T17:03:21Z"
"XLV","Healthcare","defensive","2025-12-19","154.9400","2026-04-15T17:03:21Z"
"XLV","Healthcare","defensive","2025-12-22","155.3000","2026-04-15T17:03:21Z"
"XLV","Healthcare","defensive","2025-12-23","154.9900","2026-04-15T17:03:21Z"
"XLV","Healthcare","defensive","2025-12-24","155.8000","2026-04-15T17:03:21Z"
"XLV","Healthcare","defensive","2025-12-26","156.0500","2026-04-15T17:03:21Z"
"XLV","Healthcare","defensive","2025-12-29","155.8100","2026-04-15T17:03:21Z"
"XLV","Healthcare","defensive","2025-12-30","155.6800","2026-04-15T17:03:21Z"
"XLV","Healthcare","defensive","2025-12-31","154.8000","2026-04-15T17:03:21Z"
"XLV","Healthcare","defensive","2026-01-02","155.5100","2026-04-15T17:03:21Z"
"XLV","Healthcare","defensive","2026-01-05","155.0400","2026-04-15T17:03:21Z"
"XLV","Healthcare","defensive","2026-01-06","158.0900","2026-04-15T17:03:21Z"
"XLV","Healthcare","defensive","2026-01-07","159.6600","2026-04-15T17:03:21Z"
"XLV","Healthcare","defensive","2026-01-08","158.1200","2026-04-15T17:03:21Z"
"XLV","Healthcare","defensive","2026-01-09","157.3100","2026-04-15T17:03:21Z"
"XLV","Healthcare","defensive","2026-01-12","157.3800","2026-04-15T17:03:21Z"
"XLV","Healthcare","defensive","2026-01-13","156.7400","2026-04-15T17:03:21Z"
"XLV","Healthcare","defensive","2026-01-14","157.8600","2026-04-15T17:03:21Z"
"XLV","Healthcare","defensive","2026-01-15","156.9600","2026-04-15T17:03:21Z"
"XLV","Healthcare","defensive","2026-01-16","155.7400","2026-04-15T17:03:21Z"
"XLV","Healthcare","defensive","2026-01-20","155.4000","2026-04-15T17:03:21Z"
"XLV","Healthcare","defensive","2026-01-21","158.2600","2026-04-15T17:03:21Z"
"XLV","Healthcare","defensive","2026-01-22","158.2900","2026-04-15T17:03:21Z"
"XLV","Healthcare","defensive","2026-01-23","157.4800","2026-04-15T17:03:21Z"
"XLV","Healthcare","defensive","2026-01-26","158.1000","2026-04-15T17:03:21Z"
"XLV","Healthcare","defensive","2026-01-27","155.4500","2026-04-15T17:03:21Z"
"XLV","Healthcare","defensive","2026-01-28","154.3100","2026-04-15T17:03:21Z"
"XLV","Healthcare","defensive","2026-01-29","153.8200","2026-04-15T17:03:21Z"
"XLV","Healthcare","defensive","2026-01-30","154.7400","2026-04-15T17:03:21Z"
"XLV","Healthcare","defensive","2026-02-02","155.6900","2026-04-15T17:03:21Z"
"XLV","Healthcare","defensive","2026-02-03","154.1000","2026-04-15T17:03:21Z"
"XLV","Healthcare","defensive","2026-02-04","156.0300","2026-04-15T17:03:21Z"
"XLV","Healthcare","defensive","2026-02-05","154.8400","2026-04-15T17:03:21Z"
"XLV","Healthcare","defensive","2026-02-06","157.7100","2026-04-15T17:03:21Z"
"XLV","Healthcare","defensive","2026-02-09","156.3200","2026-04-15T17:03:21Z"
"XLV","Healthcare","defensive","2026-02-10","155.3300","2026-04-15T17:03:21Z"
"XLV","Healthcare","defensive","2026-02-11","156.2500","2026-04-15T17:03:21Z"
"XLV","Healthcare","defensive","2026-02-12","156.0000","2026-04-15T17:03:21Z"
"XLV","Healthcare","defensive","2026-02-13","157.6700","2026-04-15T17:03:21Z"
"XLV","Healthcare","defensive","2026-02-17","157.3700","2026-04-15T17:03:21Z"
"XLV","Healthcare","defensive","2026-02-18","157.6700","2026-04-15T17:03:21Z"
"XLV","Healthcare","defensive","2026-02-19","157.2600","2026-04-15T17:03:21Z"
"XLV","Healthcare","defensive","2026-02-20","156.8200","2026-04-15T17:03:21Z"
"XLV","Healthcare","defensive","2026-02-23","158.5400","2026-04-15T17:03:21Z"
"XLV","Healthcare","defensive","2026-02-24","157.8700","2026-04-15T17:03:21Z"
"XLV","Healthcare","defensive","2026-02-25","157.8300","2026-04-15T17:03:21Z"
"XLV","Healthcare","defensive","2026-02-26","157.4200","2026-04-15T17:03:21Z"
"XLV","Healthcare","defensive","2026-02-27","160.2000","2026-04-15T17:03:21Z"
"XLV","Healthcare","defensive","2026-03-02","158.5300","2026-04-15T17:03:21Z"
"XLV","Healthcare","defensive","2026-03-03","156.7400","2026-04-15T17:03:21Z"
"XLV","Healthcare","defensive","2026-03-04","157.0500","2026-04-15T17:03:21Z"
"XLV","Healthcare","defensive","2026-03-05","153.9100","2026-04-15T17:03:21Z"
"XLV","Healthcare","defensive","2026-03-06","152.7000","2026-04-15T17:03:21Z"
"XLV","Healthcare","defensive","2026-03-09","154.2600","2026-04-15T17:03:21Z"
"XLV","Healthcare","defensive","2026-03-10","153.1500","2026-04-15T17:03:21Z"
"XLV","Healthcare","defensive","2026-03-11","152.8500","2026-04-15T17:03:21Z"
"XLV","Healthcare","defensive","2026-03-12","150.1600","2026-04-15T17:03:21Z"
"XLV","Healthcare","defensive","2026-03-13","149.7900","2026-04-15T17:03:21Z"
"XLV","Healthcare","defensive","2026-03-16","151.0100","2026-04-15T17:03:21Z"
"XLV","Healthcare","defensive","2026-03-17","149.6400","2026-04-15T17:03:21Z"
"XLV","Healthcare","defensive","2026-03-18","147.1400","2026-04-15T17:03:21Z"
"XLV","Healthcare","defensive","2026-03-19","146.6100","2026-04-15T17:03:21Z"
"XLV","Healthcare","defensive","2026-03-20","145.3300","2026-04-15T17:03:21Z"
"XLV","Healthcare","defensive","2026-03-23","144.7700","2026-04-15T17:03:21Z"
"XLV","Healthcare","defensive","2026-03-24","144.7900","2026-04-15T17:03:21Z"
"XLV","Healthcare","defensive","2026-03-25","146.2400","2026-04-15T17:03:21Z"
"XLV","Healthcare","defensive","2026-03-26","145.7400","2026-04-15T17:03:21Z"
"XLV","Healthcare","defensive","2026-03-27","143.2600","2026-04-15T17:03:21Z"
"XLV","Healthcare","defensive","2026-03-30","143.8200","2026-04-15T17:03:21Z"
"XLV","Healthcare","defensive","2026-03-31","146.6100","2026-04-15T17:03:21Z"
"XLV","Healthcare","defensive","2026-04-01","147.7300","2026-04-15T17:03:21Z"
"XLV","Healthcare","defensive","2026-04-02","146.8100","2026-04-15T17:03:21Z"
"XLV","Healthcare","defensive","2026-04-06","146.2800","2026-04-15T17:03:21Z"
"XLV","Healthcare","defensive","2026-04-07","146.5700","2026-04-15T17:03:21Z"
"XLV","Healthcare","defensive","2026-04-08","149.6700","2026-04-15T17:03:21Z"
"XLV","Healthcare","defensive","2026-04-09","149.3300","2026-04-15T17:03:21Z"
"XLV","Healthcare","defensive","2026-04-10","147.3100","2026-04-15T17:03:21Z"
"XLV","Healthcare","defensive","2026-04-13","147.9700","2026-04-15T17:03:21Z"
"XLV","Healthcare","defensive","2026-04-14","148.8300","2026-04-15T17:03:21Z"
"XLY","Consumer Discretionary","cyclical","2025-11-18","224.5000","2026-04-15T17:03:21Z"
"XLY","Consumer Discretionary","cyclical","2025-11-19","224.5100","2026-04-15T17:03:21Z"
"XLY","Consumer Discretionary","cyclical","2025-11-20","221.1600","2026-04-15T17:03:21Z"
"XLY","Consumer Discretionary","cyclical","2025-11-21","225.5000","2026-04-15T17:03:21Z"
"XLY","Consumer Discretionary","cyclical","2025-11-24","228.5100","2026-04-15T17:03:21Z"
"XLY","Consumer Discretionary","cyclical","2025-11-25","233.4000","2026-04-15T17:03:21Z"
"XLY","Consumer Discretionary","cyclical","2025-11-26","235.0000","2026-04-15T17:03:21Z"
"XLY","Consumer Discretionary","cyclical","2025-11-28","236.4600","2026-04-15T17:03:21Z"
"XLY","Consumer Discretionary","cyclical","2025-12-01","236.6000","2026-04-15T17:03:21Z"
"XLY","Consumer Discretionary","cyclical","2025-12-02","236.4400","2026-04-15T17:03:21Z"
"XLY","Consumer Discretionary","cyclical","2025-12-03","238.9900","2026-04-15T17:03:21Z"
"XLY","Consumer Discretionary","cyclical","2025-12-04","238.1400","2026-04-15T17:03:21Z"
"XLY","Consumer Discretionary","cyclical","2025-12-05","119.7300","2026-04-15T17:03:21Z"
"XLY","Consumer Discretionary","cyclical","2025-12-08","117.9900","2026-04-15T17:03:21Z"
"XLY","Consumer Discretionary","cyclical","2025-12-09","117.9800","2026-04-15T17:03:21Z"
"XLY","Consumer Discretionary","cyclical","2025-12-10","119.7100","2026-04-15T17:03:21Z"
"XLY","Consumer Discretionary","cyclical","2025-12-11","120.1800","2026-04-15T17:03:21Z"
"XLY","Consumer Discretionary","cyclical","2025-12-12","120.7000","2026-04-15T17:03:21Z"
"XLY","Consumer Discretionary","cyclical","2025-12-15","121.7300","2026-04-15T17:03:21Z"
"XLY","Consumer Discretionary","cyclical","2025-12-16","121.9300","2026-04-15T17:03:21Z"
"XLY","Consumer Discretionary","cyclical","2025-12-17","120.5200","2026-04-15T17:03:21Z"
"XLY","Consumer Discretionary","cyclical","2025-12-18","122.3400","2026-04-15T17:03:21Z"
"XLY","Consumer Discretionary","cyclical","2025-12-19","121.8500","2026-04-15T17:03:21Z"
"XLY","Consumer Discretionary","cyclical","2025-12-22","122.3400","2026-04-15T17:03:21Z"
"XLY","Consumer Discretionary","cyclical","2025-12-23","122.1700","2026-04-15T17:03:21Z"
"XLY","Consumer Discretionary","cyclical","2025-12-24","122.5900","2026-04-15T17:03:21Z"
"XLY","Consumer Discretionary","cyclical","2025-12-26","122.0500","2026-04-15T17:03:21Z"
"XLY","Consumer Discretionary","cyclical","2025-12-29","120.8500","2026-04-15T17:03:21Z"
"XLY","Consumer Discretionary","cyclical","2025-12-30","120.3600","2026-04-15T17:03:21Z"
"XLY","Consumer Discretionary","cyclical","2025-12-31","119.4100","2026-04-15T17:03:21Z"
"XLY","Consumer Discretionary","cyclical","2026-01-02","118.3500","2026-04-15T17:03:21Z"
"XLY","Consumer Discretionary","cyclical","2026-01-05","120.3000","2026-04-15T17:03:21Z"
"XLY","Consumer Discretionary","cyclical","2026-01-06","121.0700","2026-04-15T17:03:21Z"
"XLY","Consumer Discretionary","cyclical","2026-01-07","120.9000","2026-04-15T17:03:21Z"
"XLY","Consumer Discretionary","cyclical","2026-01-08","122.9200","2026-04-15T17:03:21Z"
"XLY","Consumer Discretionary","cyclical","2026-01-09","124.4100","2026-04-15T17:03:21Z"
"XLY","Consumer Discretionary","cyclical","2026-01-12","124.5200","2026-04-15T17:03:21Z"
"XLY","Consumer Discretionary","cyclical","2026-01-13","124.2100","2026-04-15T17:03:21Z"
"XLY","Consumer Discretionary","cyclical","2026-01-14","122.2500","2026-04-15T17:03:21Z"
"XLY","Consumer Discretionary","cyclical","2026-01-15","122.7000","2026-04-15T17:03:21Z"
"XLY","Consumer Discretionary","cyclical","2026-01-16","122.3000","2026-04-15T17:03:21Z"
"XLY","Consumer Discretionary","cyclical","2026-01-20","119.1200","2026-04-15T17:03:21Z"
"XLY","Consumer Discretionary","cyclical","2026-01-21","121.4000","2026-04-15T17:03:21Z"
"XLY","Consumer Discretionary","cyclical","2026-01-22","122.6200","2026-04-15T17:03:21Z"
"XLY","Consumer Discretionary","cyclical","2026-01-23","123.1300","2026-04-15T17:03:21Z"
"XLY","Consumer Discretionary","cyclical","2026-01-26","122.3200","2026-04-15T17:03:21Z"
"XLY","Consumer Discretionary","cyclical","2026-01-27","122.6900","2026-04-15T17:03:21Z"
"XLY","Consumer Discretionary","cyclical","2026-01-28","121.7700","2026-04-15T17:03:21Z"
"XLY","Consumer Discretionary","cyclical","2026-01-29","121.1900","2026-04-15T17:03:21Z"
"XLY","Consumer Discretionary","cyclical","2026-01-30","121.1700","2026-04-15T17:03:21Z"
"XLY","Consumer Discretionary","cyclical","2026-02-02","121.9700","2026-04-15T17:03:21Z"
"XLY","Consumer Discretionary","cyclical","2026-02-03","120.9900","2026-04-15T17:03:21Z"
"XLY","Consumer Discretionary","cyclical","2026-02-04","120.1000","2026-04-15T17:03:21Z"
"XLY","Consumer Discretionary","cyclical","2026-02-05","117.5100","2026-04-15T17:03:21Z"
"XLY","Consumer Discretionary","cyclical","2026-02-06","117.9900","2026-04-15T17:03:21Z"
"XLY","Consumer Discretionary","cyclical","2026-02-09","117.5500","2026-04-15T17:03:21Z"
"XLY","Consumer Discretionary","cyclical","2026-02-10","118.3300","2026-04-15T17:03:21Z"
"XLY","Consumer Discretionary","cyclical","2026-02-11","117.7600","2026-04-15T17:03:21Z"
"XLY","Consumer Discretionary","cyclical","2026-02-12","116.1300","2026-04-15T17:03:21Z"
"XLY","Consumer Discretionary","cyclical","2026-02-13","116.1800","2026-04-15T17:03:21Z"
"XLY","Consumer Discretionary","cyclical","2026-02-17","116.0400","2026-04-15T17:03:21Z"
"XLY","Consumer Discretionary","cyclical","2026-02-18","117.0200","2026-04-15T17:03:21Z"
"XLY","Consumer Discretionary","cyclical","2026-02-19","116.2400","2026-04-15T17:03:21Z"
"XLY","Consumer Discretionary","cyclical","2026-02-20","117.4500","2026-04-15T17:03:21Z"
"XLY","Consumer Discretionary","cyclical","2026-02-23","114.9900","2026-04-15T17:03:21Z"
"XLY","Consumer Discretionary","cyclical","2026-02-24","116.7400","2026-04-15T17:03:21Z"
"XLY","Consumer Discretionary","cyclical","2026-02-25","117.0900","2026-04-15T17:03:21Z"
"XLY","Consumer Discretionary","cyclical","2026-02-26","117.0500","2026-04-15T17:03:21Z"
"XLY","Consumer Discretionary","cyclical","2026-02-27","116.8600","2026-04-15T17:03:21Z"
"XLY","Consumer Discretionary","cyclical","2026-03-02","115.4200","2026-04-15T17:03:21Z"
"XLY","Consumer Discretionary","cyclical","2026-03-03","114.3600","2026-04-15T17:03:21Z"
"XLY","Consumer Discretionary","cyclical","2026-03-04","116.3900","2026-04-15T17:03:21Z"
"XLY","Consumer Discretionary","cyclical","2026-03-05","116.5500","2026-04-15T17:03:21Z"
"XLY","Consumer Discretionary","cyclical","2026-03-06","114.4400","2026-04-15T17:03:21Z"
"XLY","Consumer Discretionary","cyclical","2026-03-09","114.5900","2026-04-15T17:03:21Z"
"XLY","Consumer Discretionary","cyclical","2026-03-10","114.4400","2026-04-15T17:03:21Z"
"XLY","Consumer Discretionary","cyclical","2026-03-11","114.1400","2026-04-15T17:03:21Z"
"XLY","Consumer Discretionary","cyclical","2026-03-12","111.5200","2026-04-15T17:03:21Z"
"XLY","Consumer Discretionary","cyclical","2026-03-13","110.8600","2026-04-15T17:03:21Z"
"XLY","Consumer Discretionary","cyclical","2026-03-16","112.2000","2026-04-15T17:03:21Z"
"XLY","Consumer Discretionary","cyclical","2026-03-17","113.1800","2026-04-15T17:03:21Z"
"XLY","Consumer Discretionary","cyclical","2026-03-18","110.5700","2026-04-15T17:03:21Z"
"XLY","Consumer Discretionary","cyclical","2026-03-19","109.7000","2026-04-15T17:03:21Z"
"XLY","Consumer Discretionary","cyclical","2026-03-20","107.7400","2026-04-15T17:03:21Z"
"XLY","Consumer Discretionary","cyclical","2026-03-23","110.1200","2026-04-15T17:03:21Z"
"XLY","Consumer Discretionary","cyclical","2026-03-24","109.6800","2026-04-15T17:03:21Z"
"XLY","Consumer Discretionary","cyclical","2026-03-25","110.7300","2026-04-15T17:03:21Z"
"XLY","Consumer Discretionary","cyclical","2026-03-26","108.8300","2026-04-15T17:03:21Z"
"XLY","Consumer Discretionary","cyclical","2026-03-27","105.6800","2026-04-15T17:03:21Z"
"XLY","Consumer Discretionary","cyclical","2026-03-30","105.6600","2026-04-15T17:03:21Z"
"XLY","Consumer Discretionary","cyclical","2026-03-31","108.9800","2026-04-15T17:03:21Z"
"XLY","Consumer Discretionary","cyclical","2026-04-01","109.8000","2026-04-15T17:03:21Z"
"XLY","Consumer Discretionary","cyclical","2026-04-02","108.1500","2026-04-15T17:03:21Z"
"XLY","Consumer Discretionary","cyclical","2026-04-06","109.0400","2026-04-15T17:03:21Z"
"XLY","Consumer Discretionary","cyclical","2026-04-07","107.7700","2026-04-15T17:03:21Z"
"XLY","Consumer Discretionary","cyclical","2026-04-08","110.8200","2026-04-15T17:03:21Z"
"XLY","Consumer Discretionary","cyclical","2026-04-09","112.7400","2026-04-15T17:03:21Z"
"XLY","Consumer Discretionary","cyclical","2026-04-10","112.8900","2026-04-15T17:03:21Z"
"XLY","Consumer Discretionary","cyclical","2026-04-13","113.9200","2026-04-15T17:03:21Z"
"XLY","Consumer Discretionary","cyclical","2026-04-14","116.4400","2026-04-15T17:03:21Z"
